,folds,val_cindex
0,0,0.7155425219941349
1,1,0.6205381658429434
2,2,0.6213166144200627
3,3,0.6362267937782238
4,4,0.5783675513269905
