,folds,val_cindex
0,0,0.49266862170087977
1,1,0.4387699066447007
2,2,0.48401253918495296
3,3,0.47365780230807825
4,4,0.471707561342013
