,folds,val_cindex
0,0,0.6305578011317704
1,1,0.5144766146993318
2,2,0.5910307898259706
3,3,0.6868327402135231
4,4,0.5361842105263158
