,folds,val_cindex
0,0,0.4898255813953488
1,1,0.6366366366366366
2,2,0.550125313283208
3,3,0.5586510263929618
4,4,0.5066006600660066
