,folds,val_cindex
0,0,0.4288659793814433
1,1,0.6602112676056338
2,2,0.6183986371379898
3,3,0.5516014234875445
4,4,0.5472061657032755
