,folds,val_cindex
0,0,0.6136363636363636
1,1,0.6578947368421053
2,2,0.7705627705627706
3,3,0.6926829268292682
4,4,0.6142857142857143
