,folds,val_cindex
0,0,0.4844961240310077
1,1,0.6017274472168906
2,2,0.5419354838709678
3,3,0.5866533864541833
4,4,0.5943396226415094
