,folds,val_cindex
0,0,0.5690721649484536
1,1,0.602112676056338
2,2,0.47700170357751276
3,3,0.5088967971530249
4,4,0.5337186897880539
