,folds,val_cindex
0,0,0.549717057396928
1,1,0.4461766889383816
2,2,0.5575635876840697
3,3,0.6120996441281139
4,4,0.5210526315789473
