,folds,val_cindex
0,0,0.6041055718475073
1,1,0.528830313014827
2,2,0.46394984326018807
3,3,0.5845459106874059
4,4,0.4877315973960941
