,folds,val_cindex
0,0,0.4750733137829912
1,1,0.5057660626029654
2,2,0.4608150470219436
3,3,0.442548921224285
4,4,0.47371056584877314
