,folds,val_cindex
0,0,0.4941860465116279
1,1,0.6111111111111112
2,2,0.6591478696741855
3,3,0.5513196480938416
4,4,0.4900990099009901
