,folds,val_cindex
0,0,0.6177325581395349
1,1,0.5705705705705706
2,2,0.7142857142857143
3,3,0.5967741935483871
4,4,0.45544554455445546
