,folds,val_cindex
0,0,0.488659793814433
1,1,0.5
2,2,0.5281090289608177
3,3,0.4412811387900356
4,4,0.3930635838150289
