,folds,val_cindex
0,0,0.5300387596899225
1,1,0.553742802303263
2,2,0.5924731182795699
3,3,0.5796812749003984
4,4,0.47379454926624737
