,folds,val_cindex
0,0,0.7181818181818181
1,1,0.6491228070175439
2,2,0.670995670995671
3,3,0.551219512195122
4,4,0.5904761904761905
