,folds,val_cindex
0,0,0.543108504398827
1,1,0.37671609006040635
2,2,0.5630094043887147
3,3,0.5188158554942298
4,4,0.43365047571357035
