,folds,val_cindex
0,0,0.5788197251414713
1,1,0.5575352635486266
2,2,0.47121820615796517
3,3,0.5665480427046263
4,4,0.5144736842105263
