,folds,val_cindex
0,0,0.5195876288659794
1,1,0.6320422535211268
2,2,0.6473594548551959
3,3,0.5587188612099644
4,4,0.4701348747591522
