,folds,val_cindex
0,0,0.5804263565891473
1,1,0.45393474088291746
2,2,0.6225806451612903
3,3,0.5527888446215139
4,4,0.6069182389937107
