,folds,val_cindex
0,0,0.44622093023255816
1,1,0.5255255255255256
2,2,0.5701754385964912
3,3,0.4310850439882698
4,4,0.6303630363036303
