,folds,val_cindex
0,0,0.6362166531932094
1,1,0.5671863400148478
2,2,0.6231593038821954
3,3,0.5928825622775801
4,4,0.5006578947368421
