,folds,val_cindex
0,0,0.6577319587628866
1,1,0.7306338028169014
2,2,0.5638841567291312
3,3,0.5836298932384342
4,4,0.5048169556840078
