,folds,val_cindex
0,0,0.7272727272727273
1,1,0.706140350877193
2,2,0.7359307359307359
3,3,0.6292682926829268
4,4,0.5571428571428572
