,folds,val_cindex
0,0,0.6656976744186046
1,1,0.6081081081081081
2,2,0.6704260651629073
3,3,0.6466275659824047
4,4,0.6171617161716172
