,folds,val_cindex
0,0,0.6424418604651163
1,1,0.6621880998080614
2,2,0.4827956989247312
3,3,0.5029880478087649
4,4,0.559748427672956
