,folds,val_cindex
0,0,0.8454545454545455
1,1,0.706140350877193
2,2,0.6623376623376623
3,3,0.5317073170731708
4,4,0.5238095238095238
