,folds,val_cindex
0,0,0.4476744186046512
1,1,0.5268714011516314
2,2,0.4666666666666667
3,3,0.6245019920318725
4,4,0.5
