,folds,val_cindex
0,0,0.65
1,1,0.2543859649122807
2,2,0.49783549783549785
3,3,0.5902439024390244
4,4,0.36666666666666664
