,folds,val_cindex
0,0,0.6130298273155416
1,1,0.5426874536005939
2,2,0.5484483850538315
3,3,0.5231316725978647
4,4,0.5877813504823152
